,station,net_traffic,pct_total,borough,gtfs_longitude,gtfs_latitude,geometry
0,34_st_penn_sta,1967644.0,0.029498770782105926,M,-73.993391,40.752287,POINT (-73.993391 40.752287)
1,42_st_port_auth,1206033.0,0.01808075598159807,M,-73.989735,40.757308,POINT (-73.989735 40.757308)
2,fulton_st,1175342.0,0.017620638819106478,M,-74.007582,40.710374,POINT (-74.007582 40.710374)
3,23_st,1168416.0,0.01751680474829038,M,-73.989344,40.741303,POINT (-73.989344 40.741303)
4,canal_st,1008923.0,0.015125697694194,M,-74.001775,40.719527,POINT (-74.001775 40.719527)
5,34_st_herald_sq,1004638.0,0.015061457296641738,M,-73.98795,40.749567,POINT (-73.98795 40.749567)
6,86_st,1002816.0,0.01503414200974787,Bk,-74.028398,40.622687,POINT (-74.028398 40.622687)
7,times_sq_42_st,982403.0,0.014728111849833206,M,-73.986754,40.754672,POINT (-73.986754 40.754672)
8,grd_cntrl_42_st,930699.0,0.013952969372577156,M,-73.976848,40.751776,POINT (-73.976848 40.751776)
9,14_st_union_sq,923060.0,0.013838446059414557,M,-73.990568,40.735736,POINT (-73.990568 40.735736)
10,59_st,918712.0,0.013773261170603067,Bk,-74.017881,40.641362,POINT (-74.017881 40.641362)
11,125_st,879551.0,0.013186162405481911,M,-73.952343,40.811109,POINT (-73.952343 40.811109)
12,59_st_columbus,859482.0,0.012885289467681128,M,-73.981736,40.768296,POINT (-73.981736 40.768296)
13,14_st,709828.0,0.010641687961196581,M,-74.00169,40.740893,POINT (-74.00169 40.740893)
14,96_st,684094.0,0.010255885769689015,M,-73.964696,40.791642,POINT (-73.964696 40.791642)
15,50_st,630019.0,0.009445197438851537,Bk,-73.994791,40.63626,POINT (-73.994791 40.63626)
16,chambers_st,622377.0,0.00933062914991469,M,-74.003401,40.713243,POINT (-74.003401 40.713243)
17,atl_av_barclay,611977.0,0.009174713132518301,Bk,-73.97881,40.683666,POINT (-73.97881 40.683666)
18,flushing_main,597440.0,0.008956775522432597,Q,-73.83003,40.7596,POINT (-73.83003 40.7596)
19,jay_st_metrotec,578153.0,0.008667626269786042,Bk,-73.985942,40.69218,POINT (-73.985942 40.69218)
20,8_av,562465.0,0.008432432954313488,Bk,-74.011719,40.635064,POINT (-74.011719 40.635064)
21,72_st,533678.0,0.008000860416545233,M,-73.97641,40.775594,POINT (-73.97641 40.775594)
22,28_st,531511.0,0.007968372915612735,M,-73.988691,40.745494,POINT (-73.988691 40.745494)
23,church_av,516650.0,0.007745577921908144,Bk,-73.962982,40.650527,POINT (-73.962982 40.650527)
24,kings_hwy,514733.0,0.007716838402163059,Bk,-73.957734,40.60867,POINT (-73.957734 40.60867)
25,47_50_sts_rock,514433.0,0.007712340824738163,M,-73.981329,40.758663,POINT (-73.981329 40.758663)
26,57_st_7_av,509368.0,0.007636406725881171,M,-73.980658,40.764664,POINT (-73.980658 40.764664)
27,145_st,483681.0,0.007251309154836839,M,-73.944216,40.824783,POINT (-73.944216 40.824783)
28,path_new_wtc,482591.0,0.0072349679568597175,,-74.0382569,40.7250054,POINT (-74.0382569 40.7250054)
29,7_av,456081.0,0.00683753203174642,Bk,-73.972367,40.67705,POINT (-73.972367 40.67705)
30,jksn_ht_roosvlt,454359.0,0.006811715937327518,Q,-73.891338,40.746644,POINT (-73.891338 40.746644)
31,bedford_av,451501.0,0.0067688690163930105,Bk,-73.956872,40.717304,POINT (-73.956872 40.717304)
32,w_4_st_wash_sq,439735.0,0.006592474029788594,M,-73.98795,40.749567,POINT (-73.98795 40.749567)
33,1_av,429120.0,0.00643333474857103,M,-73.981628,40.730953,POINT (-73.981628 40.730953)
34,49_st,421170.0,0.006314148946811289,M,-73.984139,40.759901,POINT (-73.984139 40.759901)
35,116_st,389032.0,0.005832338469206946,M,-73.954882,40.805085,POINT (-73.954882 40.805085)
36,dekalb_av,387578.0,0.0058105402106209516,Bk,-73.981824,40.690635,POINT (-73.981824 40.690635)
37,delancey_essex,373979.0,0.005606665025950422,M,-73.988114,40.718611,POINT (-73.988114 40.718611)
38,77_st,361404.0,0.005418141572223537,Bk,-74.02551,40.629742,POINT (-74.02551 40.629742)
39,103_st,340975.0,0.005111871541512879,M,-73.961454,40.796092,POINT (-73.961454 40.796092)
40,42_st_bryant_pk,335515.0,0.005030015632379775,M,-73.984569,40.754222,POINT (-73.984569 40.754222)
41,nostrand_av,334270.0,0.0050113506860664575,Bk,-73.950426,40.680438,POINT (-73.950426 40.680438)
42,lexington_av_53,315460.0,0.0047293525815254875,M,-73.969055,40.757552,POINT (-73.969055 40.757552)
43,grand_st,314114.0,0.004709173450812455,Bk,-73.94067,40.711926,POINT (-73.94067 40.711926)
44,bay_pkwy,307242.0,0.00460614894393284,Bk,-73.993728,40.601875,POINT (-73.993728 40.601875)
45,181_st,300043.0,0.004498222077660089,M,-73.937969,40.851695,POINT (-73.937969 40.851695)
46,161_yankee_stad,297365.0,0.004458073703180519,Bx,-73.925651,40.827905,POINT (-73.925651 40.827905)
47,168_st,297093.0,0.004453995899648613,M,-73.939561,40.840719,POINT (-73.939561 40.840719)
48,jamaica_center,294426.0,0.004414012436341289,Q,-73.801109,40.702147,POINT (-73.801109 40.702147)
49,72_st_2_ave,288639.0,0.004327254167815048,M,-73.980658,40.764664,POINT (-73.980658 40.764664)
50,borough_hall,287937.0,0.004316729836640791,Bk,-73.989998,40.693219,POINT (-73.989998 40.693219)
51,journal_square,280805.0,0.0042098074293262676,,-74.0686325,40.7303043,POINT (-74.0686325 40.7303043)
52,crown_hts_utica,277109.0,0.004154397275451551,Bk,-73.932942,40.668897,POINT (-73.932942 40.668897)
53,myrtle_wyckoff,275206.0,0.004125867642652961,Bk,-73.912385,40.69943,POINT (-73.912385 40.69943)
54,wall_st,274518.0,0.0041155531984252,M,-74.0091,40.706821,POINT (-74.0091 40.706821)
55,sutphin_archer,272417.0,0.00408405516452618,Q,-73.810708,40.70546,POINT (-73.810708 40.70546)
56,fordham_rd,270154.0,0.004050128438817715,Bx,-73.897749,40.861296,POINT (-73.897749 40.861296)
57,woodhaven_blvd,266356.0,0.003993189108618534,Q,-73.851576,40.693879,POINT (-73.851576 40.693879)
58,5_av_59_st,265771.0,0.0039844188326399865,M,-73.973347,40.764811,POINT (-73.973347 40.764811)
59,66_st_lincoln,264798.0,0.003969831689858575,M,-73.982209,40.77344,POINT (-73.982209 40.77344)
60,b'way_lafayette,264542.0,0.003965993757122663,M,-73.996204,40.725297,POINT (-73.996204 40.725297)
61,bowling_green,254019.0,0.0038082337329820664,M,-74.014065,40.704817,POINT (-74.014065 40.704817)
62,forest_hills_71,250604.0,0.003757036309962002,Q,-73.844521,40.721691,POINT (-73.844521 40.721691)
63,33_st,248996.0,0.0037329292949645604,M,-73.982076,40.746081,POINT (-73.982076 40.746081)
64,utica_av,248320.0,0.003722794753833795,Bk,-73.930729,40.679364,POINT (-73.930729 40.679364)
65,kew_gardens,247295.0,0.003707428030965401,Q,-73.831008,40.714441,POINT (-73.831008 40.714441)
66,prince_st,246618.0,0.0036972784979098857,M,-73.997702,40.724329,POINT (-73.997702 40.724329)
67,ft_hamilton_pky,243837.0,0.003655585955181101,Bk,-73.994304,40.640914,POINT (-73.994304 40.640914)
68,36_st,242726.0,0.003638929926784237,Bk,-74.003549,40.655144,POINT (-74.003549 40.655144)
69,cortlandt_st,239511.0,0.003590730888714103,M,-74.011029,40.710668,POINT (-74.011029 40.710668)
70,franklin_av,239058.0,0.0035839395468025104,Bk,-73.955827,40.680596,POINT (-73.955827 40.680596)
71,79_st,238534.0,0.003576083778233692,Bk,-74.00061,40.613501,POINT (-74.00061 40.613501)
72,81_st_museum,236590.0,0.0035469394765203673,M,-73.992629,40.730328,POINT (-73.992629 40.730328)
73,spring_st,235524.0,0.003530958084737237,M,-74.003739,40.726227,POINT (-74.003739 40.726227)
74,kingsbridge_rd,235459.0,0.0035299836096285096,Bx,-73.893509,40.866978,POINT (-73.893509 40.866978)
75,grove_street,234475.0,0.0035152315556748514,,-74.0448325,40.7236214,POINT (-74.0448325 40.7236214)
76,world_trade_ctr,234289.0,0.003512443057671416,M,-74.009781,40.712582,POINT (-74.009781 40.712582)
77,sheepshead_bay,233437.0,0.003499669937784712,Bk,-73.954155,40.586896,POINT (-73.954155 40.586896)
78,whitehall_s_fry,231145.0,0.0034653084462585074,M,-74.012994,40.703087,POINT (-74.012994 40.703087)
79,103_st_corona,230232.0,0.0034516208189620742,Q,-73.8627,40.749865,POINT (-73.8627 40.749865)
80,8_st_nyu,229264.0,0.0034371086358044103,M,-73.992629,40.730328,POINT (-73.992629 40.730328)
81,coney_is_stillw,227988.0,0.003417978939823853,Bk,-73.981233,40.577422,POINT (-73.981233 40.577422)
82,cathedral_pkwy,227739.0,0.00341424595056119,M,-73.966847,40.803967,POINT (-73.966847 40.803967)
83,61_st_woodside,220914.0,0.003311926064144809,Q,-73.902984,40.74563,POINT (-73.902984 40.74563)
84,5_av_53_st,220893.0,0.0033116112337250665,M,-73.975224,40.760167,POINT (-73.975224 40.760167)
85,170_st,218388.0,0.003274056462227186,Bx,-73.9134,40.839306,POINT (-73.9134 40.839306)
86,18_av,217981.0,0.0032679547488540773,Bk,-74.001736,40.607954,POINT (-74.001736 40.607954)
87,marcy_av,217620.0,0.0032625426640194525,Bk,-73.957757,40.708359,POINT (-73.957757 40.708359)
88,junction_blvd,216401.0,0.0032442675077496257,Q,-73.869527,40.749145,POINT (-73.869527 40.749145)
89,34_st_hudson_yd,214196.0,0.003211210313676641,M,-73.990568,40.735736,POINT (-73.990568 40.735736)
90,halsey_st,213775.0,0.0032048987133570374,Bk,-73.916559,40.68637,POINT (-73.916559 40.68637)
91,51_st,212449.0,0.0031850194211389977,M,-73.97192,40.757107,POINT (-73.97192 40.757107)
92,jfk_jamaica_ct1,212387.0,0.003184089921804519,Q,-73.783817,40.712646,POINT (-73.783817 40.712646)
93,167_st,209792.0,0.00314518587707917,Bx,-73.91844,40.833771,POINT (-73.91844 40.833771)
94,lexington_av_63,206398.0,0.003094303284478848,M,-73.966113,40.764629,POINT (-73.966113 40.764629)
95,53_st,205808.0,0.003085458048876553,Bk,-74.014034,40.645069,POINT (-74.014034 40.645069)
96,thirty_third_st,203560.0,0.0030517562020393337,Bk,-73.990531,40.699337,POINT (-73.990531 40.699337)
97,111_st,202533.0,0.00303635949532144,Q,-73.836345,40.697418,POINT (-73.836345 40.697418)
98,avenue_u,201393.0,0.0030192687011068356,Bk,-73.955929,40.5993,POINT (-73.955929 40.5993)
99,parkchester,200962.0,0.0030128071815397352,Bx,-73.860816,40.833226,POINT (-73.860816 40.833226)
100,flatbush_av_b.c,200667.0,0.0030083845637385877,Bk,-73.947642,40.632836,POINT (-73.947642 40.632836)
101,86_st_2_ave,198444.0,0.0029750575150201096,M,-73.980658,40.764664,POINT (-73.980658 40.764664)
102,broadway,198222.0,0.0029717293077256867,Q,-73.925508,40.76182,POINT (-73.925508 40.76182)
103,3_av_149_st,195953.0,0.0029377126304687244,Bx,-73.917757,40.816109,POINT (-73.917757 40.816109)
104,newkirk_plaza,195742.0,0.0029345493343465477,Bk,-73.962793,40.635082,POINT (-73.962793 40.635082)
105,82_st_jackson_h,194108.0,0.0029100525293056147,Q,-73.883697,40.747659,POINT (-73.883697 40.747659)
106,bedford_pk_blvd,193843.0,0.0029060796692469567,Bx,-73.887138,40.873244,POINT (-73.887138 40.873244)
107,90_st_elmhurst,189442.0,0.002840100208423735,Q,-73.876613,40.748408,POINT (-73.876613 40.748408)
108,jamaica_179_st,186742.0,0.002799622011599672,Q,-73.783817,40.712646,POINT (-73.783817 40.712646)
109,brighton_beach,185993.0,0.002788393059962182,Bk,-73.961376,40.577621,POINT (-73.961376 40.577621)
110,flushing_av,184906.0,0.0027720968377593093,Bk,-73.941126,40.70026,POINT (-73.941126 40.70026)
111,96_st_2_ave,184424.0,0.0027648707300299766,M,-73.980658,40.764664,POINT (-73.980658 40.764664)
112,lorimer_st,183152.0,0.0027458010017484182,Bk,-73.947408,40.703869,POINT (-73.947408 40.703869)
113,175_st,182454.0,0.0027353366382731606,M,-73.939704,40.847391,POINT (-73.939704 40.847391)
114,46_st_bliss_st,180992.0,0.002713418444289168,M,-73.990568,40.735736,POINT (-73.990568 40.735736)
115,135_st,179599.0,0.0026925346931129016,M,-73.947649,40.817894,POINT (-73.947649 40.817894)
116,tremont_av,179335.0,0.0026885768249789934,Bx,-73.905227,40.85041,POINT (-73.905227 40.85041)
117,68st_hunter_co,178584.0,0.002677317889492004,M,-73.96387,40.768141,POINT (-73.96387 40.768141)
118,metropolitan_av,176336.0,0.0026436160426547843,Bk,-73.951418,40.712792,POINT (-73.951418 40.712792)
119,57_st,174349.0,0.002613827088177224,M,-73.97745,40.763972,POINT (-73.97745 40.763972)
120,prospect_av,172329.0,0.0025835434001829256,Bk,-73.992872,40.665414,POINT (-73.992872 40.665414)
121,christopher_st,169018.0,0.002533905137336825,,-74.0089239,40.732593,POINT (-74.0089239 40.732593)
122,brooklyn_bridge,168873.0,0.002531731308248125,M,-74.004131,40.713065,POINT (-74.004131 40.713065)
123,gun_hill_rd,166018.0,0.002488929363087866,Bx,-73.866256,40.87785,POINT (-73.866256 40.87785)
124,grand_newtown,163880.0,0.0024568766279731086,Q,-73.877223,40.737015,POINT (-73.877223 40.737015)
125,2_av,162000.0,0.0024286918094437613,M,-73.989938,40.723402,POINT (-73.989938 40.723402)
126,rockaway_av,161262.0,0.0024176277689785175,Bk,-73.911946,40.67834,POINT (-73.911946 40.67834)
127,4av_9_st,161253.0,0.0024174928416557705,M,-73.973347,40.764811,POINT (-73.973347 40.764811)
128,prospect_park,160856.0,0.0024115410475301583,Bk,-73.962246,40.661614,POINT (-73.962246 40.661614)
129,astoria_ditmars,158846.0,0.002381407278783356,Q,-73.912034,40.775036,POINT (-73.912034 40.775036)
130,court_sq,158845.0,0.0023813922868586063,Q,-73.946,40.747846,POINT (-73.946 40.747846)
131,20_av,158084.0,0.0023699834321241208,Bk,-73.998168,40.604556,POINT (-73.998168 40.604556)
132,broadway_jct,157844.0,0.002366385370184204,Bk,-73.904512,40.679498,POINT (-73.904512 40.679498)
133,astor_pl,157472.0,0.002360808374177333,M,-73.99107,40.730054,POINT (-73.99107 40.730054)
134,graham_av,156760.0,0.0023501341237555803,Bk,-73.944053,40.714565,POINT (-73.944053 40.714565)
135,clinton_wash_av,154404.0,0.002314813149045398,Bk,-73.965838,40.683263,POINT (-73.965838 40.683263)
136,city___bus,153465.0,0.0023007357317054744,M,-74.006978,40.713282,POINT (-74.006978 40.713282)
137,queens_plaza,153425.0,0.002300136054715488,Q,-73.937243,40.748973,POINT (-73.937243 40.748973)
138,137_st_city_col,152709.0,0.0022894018365947366,M,-73.953676,40.822008,POINT (-73.953676 40.822008)
139,high_st,151033.0,0.0022642753707143182,Bk,-73.990531,40.699337,POINT (-73.990531 40.699337)
140,hoyt_scher,149719.0,0.0022445759815932745,Bk,-73.985065,40.690545,POINT (-73.985065 40.690545)
141,south_ferry,148764.0,0.002230258693457356,M,-74.013664,40.702068,POINT (-74.013664 40.702068)
142,pavonia_newport,148692.0,0.002229179274875381,,-74.0382569,40.7250054,POINT (-74.0382569 40.7250054)
143,exchange_place,147920.0,0.002217605508968649,,-74.033372,40.716554,POINT (-74.033372 40.716554)
144,norwood_205_st,145603.0,0.0021828692193237033,Bx,-73.878855,40.874811,POINT (-73.878855 40.874811)
145,vernon_jackson,143072.0,0.002144924657782332,Q,-73.953581,40.742626,POINT (-73.953581 40.742626)
146,euclid_av,140354.0,0.0021041766063127757,Bk,-73.872106,40.675377,POINT (-73.872106 40.675377)
147,myrtle_av,140280.0,0.0021030672038813013,Bk,-73.935657,40.697207,POINT (-73.935657 40.697207)
148,wtc_cortlandt,139737.0,0.00209492658874224,M,-74.012188,40.711835,POINT (-74.012188 40.711835)
149,dyckman_st,138996.0,0.002083817572502747,M,-73.927271,40.865491,POINT (-73.927271 40.865491)
150,30_av,138833.0,0.0020813738887685536,Q,-73.921479,40.766779,POINT (-73.921479 40.766779)
151,steinway_st,138141.0,0.002070999476841794,Q,-73.92074,40.756879,POINT (-73.92074 40.756879)
152,ozone_pk_leffrt,137249.0,0.0020576266799651037,Q,-73.825798,40.685951,POINT (-73.825798 40.685951)
153,3_av,135905.0,0.00203747753310157,M,-73.986122,40.732849,POINT (-73.986122 40.732849)
154,63_dr_rego_park,134085.0,0.002010192230057202,Q,-73.861604,40.729846,POINT (-73.861604 40.729846)
155,bay_ridge_av,133116.0,0.0019956650549747884,Bk,-74.023377,40.634967,POINT (-74.023377 40.634967)
156,inwood_207_st,130210.0,0.0019520985216522973,M,-73.919899,40.868072,POINT (-73.919899 40.868072)
157,9_av,129229.0,0.0019373914434728879,Bk,-73.994324,40.646292,POINT (-73.994324 40.646292)
158,bergen_st,129114.0,0.0019356673721266776,Bk,-73.990862,40.686145,POINT (-73.990862 40.686145)
159,5_ave,128559.0,0.0019273468538906205,M,-73.981963,40.753821,POINT (-73.981963 40.753821)
160,45_st,127906.0,0.001917557127029097,Bk,-74.010006,40.648939,POINT (-74.010006 40.648939)
161,fresh_pond_rd,127239.0,0.0019075575132210785,Q,-73.895877,40.706186,POINT (-73.895877 40.706186)
162,east_broadway,126162.0,0.0018914112102657024,M,-73.990173,40.713715,POINT (-73.990173 40.713715)
163,hunts_point_av,125803.0,0.0018860291092805772,Bx,-73.890549,40.820948,POINT (-73.890549 40.820948)
164,110_st,124885.0,0.0018722665223603959,M,-73.94425,40.79502,POINT (-73.94425 40.79502)
165,kingston_throop,124860.0,0.0018718917242416544,Bk,-73.940858,40.679921,POINT (-73.940858 40.679921)
166,rector_st,121460.0,0.0018209191800928348,M,-74.013342,40.70722,POINT (-74.013342 40.70722)
167,astoria_blvd,119824.0,0.0017963923912024027,Q,-73.917843,40.770258,POINT (-73.917843 40.770258)
168,157_st,119389.0,0.0017898709039363037,M,-73.94489,40.834041,POINT (-73.94489 40.834041)
169,union_st,118261.0,0.0017729600128186954,Bk,-73.98311,40.677316,POINT (-73.98311 40.677316)
170,nevins_st,118183.0,0.0017717906426882224,Bk,-73.980492,40.688246,POINT (-73.980492 40.688246)
171,155_st,116505.0,0.0017466341929583049,M,-73.941514,40.830518,POINT (-73.941514 40.830518)
172,14th_street,114524.0,0.0017169351900292427,M,-74.00169,40.740893,POINT (-74.00169 40.740893)
173,pelham_pkwy,112940.0,0.0016931879812257925,Bx,-73.867615,40.857192,POINT (-73.867615 40.857192)
174,thirty_st,112630.0,0.0016885404845534,Bk,-73.990531,40.699337,POINT (-73.990531 40.699337)
175,new_utrecht_av,112520.0,0.0016868913728309383,Bk,-73.996353,40.624842,POINT (-73.996353 40.624842)
176,nassau_av,111702.0,0.0016746279783857224,Bk,-73.951277,40.724635,POINT (-73.951277 40.724635)
177,parkside_av,111438.0,0.001670670110251814,Bk,-73.961495,40.655292,POINT (-73.961495 40.655292)
178,grant_av,110991.0,0.0016639687198887192,Bk,-73.86505,40.677044,POINT (-73.86505 40.677044)
179,newark_hm_he,110008.0,0.0016492316578598104,Bk,-73.948411,40.639967,POINT (-73.948411 40.639967)
180,crescent_st,108878.0,0.0016322907828927027,Bk,-73.873785,40.683194,POINT (-73.873785 40.683194)
181,morgan_av,107988.0,0.0016189479698655116,Bk,-73.933147,40.706152,POINT (-73.933147 40.706152)
182,montrose_av,107881.0,0.0016173438339172987,Bk,-73.93985,40.707739,POINT (-73.93985 40.707739)
183,40_st_lowery_st,107162.0,0.0016065646400222984,M,-73.98795,40.749567,POINT (-73.98795 40.749567)
184,bleecker_st,107052.0,0.0016049155282998365,M,-73.994659,40.725915,POINT (-73.994659 40.725915)
185,van_siclen_av,106792.0,0.0016010176278649269,Bk,-73.891688,40.678024,POINT (-73.891688 40.678024)
186,burnside_av,106013.0,0.0015893389184849472,Bx,-73.907684,40.853453,POINT (-73.907684 40.853453)
187,169_st,104766.0,0.0015706439883221301,Q,-73.793604,40.71047,POINT (-73.793604 40.71047)
188,far_rockaway,103124.0,0.0015460272478832002,Q,-73.755405,40.603995,POINT (-73.755405 40.603995)
189,houston_st,101723.0,0.0015250235613089365,M,-74.005367,40.728251,POINT (-74.005367 40.728251)
190,191_st,100104.0,0.0015007516351392485,M,-73.929412,40.855225,POINT (-73.929412 40.855225)
191,21_st_qnsbridge,100076.0,0.0015003318612462583,Q,-73.942836,40.754203,POINT (-73.942836 40.754203)
192,elder_av,99680.0,0.0014943950590453959,Bx,-73.879159,40.828584,POINT (-73.879159 40.828584)
193,46_st,99156.0,0.0014865392904765777,Q,-73.913333,40.756312,POINT (-73.913333 40.756312)
194,howard_bch_jfk,98957.0,0.0014835558974513967,Q,-73.830301,40.660476,POINT (-73.830301 40.660476)
195,avenue_j,97297.0,0.0014586693023669732,Bk,-73.960803,40.625039,POINT (-73.960803 40.625039)
196,central_pk_n110,96886.0,0.0014525076212948658,M,-73.951822,40.799075,POINT (-73.951822 40.799075)
197,149_grand_conc,96712.0,0.001449899026388426,Bx,-73.927351,40.818375,POINT (-73.927351 40.818375)
198,3_av_138_st,96446.0,0.0014459111744050184,Bx,-73.926138,40.810476,POINT (-73.926138 40.810476)
199,greenpoint_av,95742.0,0.0014353568593812628,Bk,-73.954449,40.731352,POINT (-73.954449 40.731352)
200,rockaway_blvd,95328.0,0.0014291502025349065,Q,-73.843853,40.680429,POINT (-73.843853 40.680429)
201,e_180_st,95132.0,0.0014262117852839747,Bx,-73.873488,40.841894,POINT (-73.873488 40.841894)
202,gates_av,94595.0,0.001418161121693411,Bk,-73.92227,40.68963,POINT (-73.92227 40.68963)
203,avenue_m,94418.0,0.0014155075510127225,Bk,-73.959399,40.617618,POINT (-73.959399 40.617618)
204,hoyt_st,94098.0,0.0014107101350928335,Bk,-73.985065,40.690545,POINT (-73.985065 40.690545)
205,queensboro_plz,93562.0,0.0014026744634270197,Q,-73.940202,40.750582,POINT (-73.940202 40.750582)
206,parsons_blvd,93473.0,0.0014013401821243005,Q,-73.803326,40.707564,POINT (-73.803326 40.707564)
207,roosevelt_islnd,93132.0,0.001396227935784669,M,-73.95326,40.759145,POINT (-73.95326 40.759145)
208,elmhurst_av,93035.0,0.0013947737190839525,Q,-73.882017,40.742454,POINT (-73.882017 40.742454)
209,bay_ridge_95_st,92927.0,0.00139315459121099,Bk,-74.030876,40.616622,POINT (-74.030876 40.616622)
210,174_st,90956.0,0.0013636055075294245,Bx,-73.887734,40.837288,POINT (-73.887734 40.837288)
211,116_st_columbia,90888.0,0.001362586056646448,M,-73.96411,40.807722,POINT (-73.96411 40.807722)
212,harrison,90875.0,0.0013623911616247025,,-74.1573444,40.7404721,POINT (-74.1573444 40.7404721)
213,69_st,90390.0,0.001355120078121121,Q,-73.896403,40.746325,POINT (-73.896403 40.746325)
214,33_st_rawson_st,90251.0,0.001353036200580919,Q,-73.883697,40.747659,POINT (-73.883697 40.747659)
215,bowery,89666.0,0.0013442659246023722,M,-73.993915,40.72028,POINT (-73.993915 40.72028)
216,morisn_av_sndvw,88846.0,0.001331972546307657,Bx,-73.874516,40.829521,POINT (-73.874516 40.829521)
217,36_av,87972.0,0.0013188696040764602,Q,-73.929575,40.756804,POINT (-73.929575 40.756804)
218,sutter_av_rutld,87719.0,0.001315076647114798,Bk,-73.92261,40.664717,POINT (-73.92261 40.664717)
219,castle_hill_av,86562.0,0.0012977309901794497,Bx,-73.851222,40.834255,POINT (-73.851222 40.834255)
220,163_st_amsterdm,86502.0,0.0012968314746944706,M,-73.939892,40.836013,POINT (-73.939892 40.836013)
221,ralph_av,86358.0,0.0012946726375305205,Bk,-73.920786,40.678822,POINT (-73.920786 40.678822)
222,brook_av,84327.0,0.0012642240383639756,Bx,-73.91924,40.807566,POINT (-73.91924 40.807566)
223,wilson_av,84055.0,0.00126014623483207,Bk,-73.904046,40.688764,POINT (-73.904046 40.688764)
224,52_st,83854.0,0.0012571328579573898,Q,-73.912549,40.744149,POINT (-73.912549 40.744149)
225,newkirk_av,83747.0,0.001255528722009177,Bk,-73.948411,40.639967,POINT (-73.948411 40.639967)
226,jefferson_st,83572.0,0.0012529051351779876,Bk,-73.922913,40.706607,POINT (-73.922913 40.706607)
227,newark_bm_bw,83374.0,0.0012499367340775564,Bk,-73.948411,40.639967,POINT (-73.948411 40.639967)
228,cortelyou_rd,83362.0,0.0012497568309805607,Bk,-73.963891,40.640927,POINT (-73.963891 40.640927)
229,bedford_nostran,82615.0,0.0012385578631925699,Bk,-73.953522,40.689627,POINT (-73.953522 40.689627)
230,canarsie_rockaw,82416.0,0.001235574470167389,Bk,-73.90185,40.646654,POINT (-73.90185 40.646654)
231,knickerbocker,80718.0,0.0012101181819424785,Bk,-73.919711,40.698664,POINT (-73.919711 40.698664)
232,new_lots_av,80680.0,0.0012095484888019917,Bk,-73.899232,40.658733,POINT (-73.899232 40.658733)
233,northern_blvd,80241.0,0.001202967033836894,Q,-73.906006,40.752885,POINT (-73.906006 40.752885)
234,lackawanna,79922.0,0.001198184609841755,Bk,-73.911946,40.67834,POINT (-73.911946 40.67834)
235,west_farms_sq,79287.0,0.0011886647376257253,Bx,-73.880049,40.840295,POINT (-73.880049 40.840295)
236,174_175_sts,76861.0,0.0011522943281830674,Bx,-73.910136,40.8459,POINT (-73.910136 40.8459)
237,mosholu_pkwy,75807.0,0.0011364928394969334,Bx,-73.884655,40.87975,POINT (-73.884655 40.87975)
238,67_av,75575.0,0.001133014712955014,Q,-73.852719,40.726523,POINT (-73.852719 40.726523)
239,pelham_bay_park,75550.0,0.0011326399148362727,Bx,-73.828121,40.852462,POINT (-73.828121 40.852462)
240,new_lots,75532.0,0.0011323700601907787,Bk,-73.899232,40.658733,POINT (-73.899232 40.658733)
241,beverley_road,75464.0,0.0011313506093078025,Bk,-73.964492,40.644031,POINT (-73.964492 40.644031)
242,6_av,75342.0,0.0011295215944883447,M,-73.996786,40.737335,POINT (-73.996786 40.737335)
243,25_st,75157.0,0.001126748088409659,Bk,-73.998091,40.660397,POINT (-73.998091 40.660397)
244,75_st_elderts,74934.0,0.0011234048891904864,M,-73.981329,40.758663,POINT (-73.981329 40.758663)
245,104_st,73753.0,0.0011056994260611464,Q,-73.84433,40.695178,POINT (-73.84433 40.695178)
246,twenty_third_st,73742.0,0.0011055345148889002,Bk,-73.9502,40.656652,POINT (-73.9502 40.656652)
247,e_149_st,72789.0,0.001091247210602481,Bx,-73.904098,40.812118,POINT (-73.904098 40.812118)
248,simpson_st,72631.0,0.0010888784864920358,Bx,-73.893064,40.824073,POINT (-73.893064 40.824073)
249,forest_ave,72291.0,0.001083781232077154,Q,-73.903077,40.704423,POINT (-73.903077 40.704423)
250,18_st,72081.0,0.0010806329278797268,M,-73.997871,40.74104,POINT (-73.997871 40.74104)
251,lafayette_av,71659.0,0.0010743063356353734,Bk,-73.973946,40.686113,POINT (-73.973946 40.686113)
252,wakefield_241,71491.0,0.0010717876922774316,Bx,-73.85062,40.903125,POINT (-73.85062 40.903125)
253,kosciuszko_st,71219.0,0.0010677098887455262,Bk,-73.928814,40.693342,POINT (-73.928814 40.693342)
254,71_st,70763.0,0.0010608735710596845,Bk,-73.998864,40.619589,POINT (-73.998864 40.619589)
255,broad_st,69543.0,0.0010425834228651079,M,-74.011056,40.706476,POINT (-74.011056 40.706476)
256,cleveland_st,68981.0,0.0010341579611558031,Bk,-73.884639,40.679947,POINT (-73.884639 40.679947)
257,east_105_st,68815.0,0.0010316693016473608,Bk,-73.899485,40.650573,POINT (-73.899485 40.650573)
258,saratoga_av,68509.0,0.001027081772673967,Bk,-73.916327,40.661453,POINT (-73.916327 40.661453)
259,central_av,68206.0,0.001022539219474822,Bk,-73.927397,40.697857,POINT (-73.927397 40.697857)
260,carroll_st,68151.0,0.0010217146636135911,Bk,-73.995048,40.680303,POINT (-73.995048 40.680303)
261,norwood_av,67985.0,0.0010192260041051488,Bk,-73.880039,40.68141,POINT (-73.880039 40.68141)
262,176_st,67831.0,0.0010169172476937023,Bx,-73.911794,40.84848,POINT (-73.911794 40.84848)
263,231_st,67706.0,0.0010150432570999956,Bx,-73.904834,40.878856,POINT (-73.904834 40.878856)
264,183_st,67203.0,0.0010075023189509203,Bx,-73.903879,40.858407,POINT (-73.903879 40.858407)
265,74_st_broadway,67142.0,0.0010065878115411914,Q,-73.891394,40.746848,POINT (-73.891394 40.746848)
266,v.cortlandt_pk,67069.0,0.0010054934010344668,M,-74.011029,40.710668,POINT (-74.011029 40.710668)
267,80_st,66632.0,0.0009989419299188684,Q,-73.858992,40.679371,POINT (-73.858992 40.679371)
268,207_st,65515.0,0.0009821959499735063,M,-73.918822,40.864621,POINT (-73.918822 40.864621)
269,westchester_sq,65436.0,0.0009810115879182837,Bx,-73.842952,40.839892,POINT (-73.842952 40.839892)
270,85_st_forest_pk,64713.0,0.0009701724263242847,Q,-73.86001,40.692435,POINT (-73.86001 40.692435)
271,freeman_st,64344.0,0.0009646404060916628,Bx,-73.891865,40.829993,POINT (-73.891865 40.829993)
272,mt_eden_av,63726.0,0.0009553753965963773,Bx,-73.914685,40.844434,POINT (-73.914685 40.844434)
273,avenue_h,63192.0,0.0009473697087800627,Bk,-73.961639,40.62927,POINT (-73.961639 40.62927)
274,city_hall,62882.0,0.0009427222121076703,M,-74.006978,40.713282,POINT (-74.006978 40.713282)
275,st_lawrence_av,62616.0,0.0009387343601242626,Bx,-73.867618,40.831509,POINT (-73.867618 40.831509)
276,9th_street,60882.0,0.0009127383626083646,Bk,-73.988302,40.670847,POINT (-73.988302 40.670847)
277,livonia_av,60831.0,0.0009119737744461323,Bk,-73.900571,40.664038,POINT (-73.900571 40.664038)
278,park_place,60747.0,0.0009107144527671615,Bk,-73.957624,40.674772,POINT (-73.957624 40.674772)
279,van_siclen_ave,60715.0,0.0009102347111751726,Bk,-73.891688,40.678024,POINT (-73.891688 40.678024)
280,hunters_pt_av,60581.0,0.0009082257932587192,Q,-73.948916,40.742216,POINT (-73.948916 40.742216)
281,eastn_pkwy_musm,60165.0,0.0009019891525628636,Bk,-73.964375,40.671987,POINT (-73.964375 40.671987)
282,4_av_9_st,60161.0,0.0009019291848638649,M,-73.973347,40.764811,POINT (-73.973347 40.764811)
283,sterling_st,59955.0,0.0008988408483654364,Bk,-73.95085,40.662742,POINT (-73.95085 40.662742)
284,court_sq_23_st,59313.0,0.0008892160326761593,Bk,-73.991777,40.6941,POINT (-73.991777 40.6941)
285,york_st,58492.0,0.0008769076624566943,Bk,-73.986751,40.701397,POINT (-73.986751 40.701397)
286,kingston_av,58204.0,0.0008725899881287943,Bk,-73.942161,40.669399,POINT (-73.942161 40.669399)
287,182_183_sts,57901.0,0.0008680474349296495,Bx,-73.900741,40.856093,POINT (-73.900741 40.856093)
288,jamaica_van_wk,57681.0,0.0008647492114847258,Q,-73.816859,40.702566,POINT (-73.816859 40.702566)
289,sutter_av,57176.0,0.0008571782894861512,Bk,-73.901975,40.669367,POINT (-73.901975 40.669367)
290,seneca_ave,57056.0,0.0008553792585161928,Q,-73.90774,40.702762,POINT (-73.90774 40.702762)
291,classon_av,56715.0,0.0008502670121765612,Bk,-73.96007,40.688873,POINT (-73.96007 40.688873)
292,eastchster_dyre,56619.0,0.0008488277874005945,Bx,-73.830834,40.8883,POINT (-73.830834 40.8883)
293,st._george,56248.0,0.0008432657833184733,SI,-74.073643,40.643748,POINT (-74.073643 40.643748)
294,bay_50_st,56232.0,0.0008430259125224789,Bk,-73.983765,40.588841,POINT (-73.983765 40.588841)
295,woodlawn,56138.0,0.0008416166715960116,Bx,-73.878751,40.886037,POINT (-73.878751 40.886037)
296,myrtle_willough,54942.0,0.0008236863295954267,Bk,-73.949046,40.694568,POINT (-73.949046 40.694568)
297,neck_rd,53971.0,0.0008091291706635138,Bk,-73.955161,40.595246,POINT (-73.955161 40.595246)
298,shepherd_av,53164.0,0.0007970306873905439,Bk,-73.88075,40.67413,POINT (-73.88075 40.67413)
299,president_st,53102.0,0.0007961011880560655,Bk,-73.950683,40.667883,POINT (-73.950683 40.667883)
300,15_st_prospect,52897.0,0.0007930278434823867,Bk,-73.979493,40.660365,POINT (-73.979493 40.660365)
301,winthrop_st,52756.0,0.0007909139820926856,Bk,-73.9502,40.656652,POINT (-73.9502 40.656652)
302,sutphin_blvd,52471.0,0.0007866412835390345,Q,-73.810708,40.70546,POINT (-73.810708 40.70546)
303,allerton_av,52058.0,0.0007804496186174279,Bx,-73.867352,40.865462,POINT (-73.867352 40.865462)
304,25_av,52002.0,0.0007796100708314474,Bk,-73.986829,40.597704,POINT (-73.986829 40.597704)
305,grand_army_plaz,51307.0,0.0007691906831304386,Bk,-73.971046,40.675235,POINT (-73.971046 40.675235)
306,newark_hw_bmebe,51217.0,0.0007678414099029699,,,,POINT EMPTY
307,138_grand_conc,51098.0,0.0007660573708577612,Bx,-73.929849,40.813224,POINT (-73.929849 40.813224)
308,ocean_pkwy,49546.0,0.0007427899036462999,Bk,-73.968501,40.576312,POINT (-73.968501 40.576312)
309,intervale_av,49456.0,0.0007414406304188312,Bx,-73.896736,40.822181,POINT (-73.896736 40.822181)
310,alabama_av,49405.0,0.0007406760422565989,Bk,-73.898654,40.676992,POINT (-73.898654 40.676992)
311,briarwood,49042.0,0.0007352339735724749,Q,-73.820574,40.709179,POINT (-73.820574 40.709179)
312,buhre_av,48929.0,0.0007335398860757642,Bx,-73.832569,40.84681,POINT (-73.832569 40.84681)
313,pennsylvania_av,48673.0,0.000729701953339853,Bk,-73.894895,40.664635,POINT (-73.894895 40.664635)
314,hewes_st,48318.0,0.0007243798200537262,Bk,-73.953431,40.70687,POINT (-73.953431 40.70687)
315,longwood_av,48004.0,0.0007196723556823352,Bx,-73.896435,40.816104,POINT (-73.896435 40.816104)
316,chauncey_st,47610.0,0.000713765537330972,Bk,-73.910456,40.682893,POINT (-73.910456 40.682893)
317,path_wtc_2,47207.0,0.000707723791656862,,,,POINT EMPTY
318,190_st,46397.0,0.0006955803326096432,M,-73.93418,40.859022,POINT (-73.93418 40.859022)
319,rit_manhattan,46359.0,0.0006950106394691564,,,,POINT EMPTY
320,harlem_148_st,46186.0,0.0006924170364874664,M,-73.93647,40.82388,POINT (-73.93647 40.82388)
321,botanic_garden,45261.0,0.0006785495060940375,Bk,-73.959245,40.670343,POINT (-73.959245 40.670343)
322,233_st,44794.0,0.0006715482772359496,Bx,-73.857473,40.893193,POINT (-73.857473 40.893193)
323,39_av,44436.0,0.0006661811681755739,Q,-73.932755,40.752882,POINT (-73.932755 40.752882)
324,marble_hill_225,43408.0,0.0006507694695329308,M,-73.909831,40.874561,POINT (-73.909831 40.874561)
325,beach_25_st,42899.0,0.0006431385798353575,Q,-73.761353,40.600066,POINT (-73.761353 40.600066)
326,bushwick_av,42107.0,0.0006312649754336324,Bk,-73.905249,40.682829,POINT (-73.905249 40.682829)
327,121_st,41775.0,0.0006262876564167477,Q,-73.828294,40.700492,POINT (-73.828294 40.700492)
328,smith_9_st,41149.0,0.000616902711523465,Bk,-73.995959,40.67358,POINT (-73.995959 40.67358)
329,65_st,41010.0,0.0006148188339832632,Q,-73.898453,40.749669,POINT (-73.898453 40.749669)
330,junius_st,40827.0,0.0006120753117540768,Bk,-73.902447,40.663515,POINT (-73.902447 40.663515)
331,franklin_st,40770.0,0.0006112207720433466,M,-74.006886,40.719318,POINT (-74.006886 40.719318)
332,liberty_av,40235.0,0.0006032000923022823,Bk,-73.896548,40.674542,POINT (-73.896548 40.674542)
333,beach_67_st,39800.0,0.0005966786050361833,Q,-73.796924,40.590927,POINT (-73.796924 40.590927)
334,88_st,39477.0,0.0005918362133420454,Q,-73.85147,40.679843,POINT (-73.85147 40.679843)
335,beach_60_st,39428.0,0.0005911016090293125,Q,-73.788522,40.592374,POINT (-73.788522 40.592374)
336,jackson_av,39300.0,0.0005891826426613569,Bx,-73.907807,40.81649,POINT (-73.907807 40.81649)
337,mets_willets_pt,38491.0,0.0005770541755388877,Q,-73.845625,40.754622,POINT (-73.845625 40.754622)
338,cypress_av,37811.0,0.0005668596667091239,Bx,-73.914042,40.805368,POINT (-73.914042 40.805368)
339,w_8_st_aquarium,35918.0,0.0005384799531580309,Bk,-73.975939,40.576127,POINT (-73.975939 40.576127)
340,ditmas_av,35681.0,0.0005349268669923632,Bk,-73.978172,40.636119,POINT (-73.978172 40.636119)
341,225_st,34859.0,0.0005226035048481486,Bx,-73.860341,40.888022,POINT (-73.860341 40.888022)
342,beverly_rd,33944.0,0.0005088858937022162,Bk,-73.948959,40.645098,POINT (-73.948959 40.645098)
343,zerega_av,33803.0,0.0005067720323125151,Bx,-73.847036,40.836488,POINT (-73.847036 40.836488)
344,55_st,33345.0,0.0004999057307771742,Bk,-73.995476,40.631435,POINT (-73.995476 40.631435)
345,nereid_av,33106.0,0.0004963226607620072,Bx,-73.854376,40.898379,POINT (-73.854376 40.898379)
346,219_st,32426.0,0.0004861281519322432,Bx,-73.862633,40.883895,POINT (-73.862633 40.883895)
347,whitlock_av,31693.0,0.0004751390710907477,Bx,-73.886283,40.826525,POINT (-73.886283 40.826525)
348,burke_av,31612.0,0.0004739247251860258,Bx,-73.867164,40.871356,POINT (-73.867164 40.871356)
349,morris_park,31393.0,0.00047064149366585185,Bx,-73.860495,40.854364,POINT (-73.860495 40.854364)
350,newark_c,29566.0,0.0004432512471482361,Bk,-73.948411,40.639967,POINT (-73.948411 40.639967)
351,rit_roosevelt,28135.0,0.00042179780283148284,M,-73.95326,40.759145,POINT (-73.95326 40.759145)
352,238_st,28045.0,0.0004204485296040141,Bx,-73.90087,40.884667,POINT (-73.90087 40.884667)
353,cypress_hills,27885.0,0.00041804982164406966,Bk,-73.87255,40.689941,POINT (-73.87255 40.689941)
354,middletown_rd,27208.0,0.0004079002885885547,Bx,-73.836322,40.843863,POINT (-73.836322 40.843863)
355,aqueduct_n.cond,26576.0,0.0003984253921467741,Q,-73.834058,40.668234,POINT (-73.834058 40.668234)
356,atlantic_av,25662.0,0.00038472277292559136,Bk,-73.903097,40.675345,POINT (-73.903097 40.675345)
357,75_av,25277.0,0.000378950881896975,Q,-73.837324,40.718331,POINT (-73.837324 40.718331)
358,baychester_av,25249.0,0.00037853110800398476,Bx,-73.838591,40.878663,POINT (-73.838591 40.878663)
359,bronx_park_east,24260.0,0.00036370409442657806,Bx,-73.868457,40.848828,POINT (-73.868457 40.848828)
360,21_st,24119.0,0.000361590233036877,Q,-73.949724,40.744065,POINT (-73.949724 40.744065)
361,beach_36_st,22760.0,0.0003412162073020988,Q,-73.768175,40.595398,POINT (-73.768175 40.595398)
362,avenue_n,22707.0,0.00034042163529036717,Bk,-73.974197,40.61514,POINT (-73.974197 40.61514)
363,avenue_p,19872.0,0.0002979195286251014,Bk,-73.973022,40.608944,POINT (-73.973022 40.608944)
364,e_143_st_mary's,19574.0,0.00029345193504970484,Bx,-73.907657,40.808719,POINT (-73.907657 40.808719)
365,avenue_x,18254.0,0.00027366259438016307,Bk,-73.97425,40.58962,POINT (-73.97425 40.58962)
366,beach_44_st,17992.0,0.000269734710095754,Q,-73.776013,40.592943,POINT (-73.776013 40.592943)
367,215_st,17135.0,0.00025688663058530154,M,-73.915279,40.869444,POINT (-73.915279 40.869444)
368,rockaway_park_b,16051.0,0.00024063538415667785,Bk,-73.911946,40.67834,POINT (-73.911946 40.67834)
369,beach_90_st,14195.0,0.00021281037182132218,Q,-73.813641,40.588034,POINT (-73.813641 40.588034)
370,aqueduct_racetr,14071.0,0.0002109513731523652,Q,-73.835919,40.672097,POINT (-73.835919 40.672097)
371,avenue_i,14026.0,0.00021027673653863083,Bk,-73.976127,40.625322,POINT (-73.976127 40.625322)
372,neptune_av,12705.0,0.00019047240394433942,Bk,-73.974574,40.581011,POINT (-73.974574 40.581011)
373,beach_98_st,10232.0,0.00015339737403844794,Q,-73.820558,40.585307,POINT (-73.820558 40.585307)
374,tompkinsville,5791.0,8.681823622523964e-05,SI,-74.074835,40.636949,POINT (-74.074835 40.636949)
375,beach_105_st,5022.0,7.52894460927566e-05,Q,-73.827559,40.583209,POINT (-73.827559 40.583209)
376,broad_channel,4380.0,6.566463040347947e-05,Q,-73.815925,40.608382,POINT (-73.815925 40.608382)
377,clark_st,0.0,0.0,Bk,-73.993086,40.697466,POINT (-73.993086 40.697466)
